{"local_params": [[[-0.07110003676408548, 0.07576779546374188, -0.0660672568238364, 0.11042629469641499, 0.009385307280796683], [-0.38117574363473233, -0.2080263677016226, 0.1134592193657181, 0.2628877941401154, -0.06634678807259618], [0.04048377869940416, -0.05396143009343705, 0.08612081951574047, -0.025054187607133165, -0.011033572225392583]]], "global_params": [[[-0.07110003676408548, 0.07576779546374188, -0.0660672568238364, 0.11042629469641499, 0.009385307280796683], [-0.38117574363473233, -0.2080263677016226, 0.1134592193657181, 0.2628877941401154, -0.06634678807259618], [0.04048377869940416, -0.05396143009343705, 0.08612081951574047, -0.025054187607133165, -0.011033572225392583]], [[-0.07110003676408548, 0.07576779546374188, -0.0660672568238364, 0.11042629469641499, 0.009385307280796683], [-0.38117574363473233, -0.2080263677016226, 0.1134592193657181, 0.2628877941401154, -0.06634678807259618], [0.04048377869940416, -0.05396143009343705, 0.08612081951574047, -0.025054187607133165, -0.011033572225392583]]]}